"label","customer","total_spend","avg_transactions","avg_bill_value","avg_cltv","basket_size_s","basket_size_m","basket_size_l","p_of_cust","p_value_ratio"
1,1458,513970.96,29.3360768175583,12.9561236708957,7969.36390475103,0.142547000410151,0.456884629275034,0.400568370320302,42.3960453620238,54.13
2,1443,38653.68,6.36798336798337,3.52613795043174,1851.92975334359,0.684391018770617,0.294645362638254,0.0209636185911296,41.9598720558302,4.07
3,538,396843.29,24.5315985130112,37.3552549023978,22280.434545329,0.0561425386672862,0.0846109138066914,0.859246547537175,15.644082582146,41.8
